version,season,id,name,item_number,item_detailed,item
US,1.0,US010,Alan Kay,1.0,Saw,Saw
US,1.0,US010,Alan Kay,2.0,Axe,Axe
US,1.0,US010,Alan Kay,3.0,Sleeping bag,Sleeping bag
US,1.0,US010,Alan Kay,4.0,Large 2-quart pot,Pot
US,1.0,US010,Alan Kay,5.0,Ferro rod,Ferro rod
US,1.0,US010,Alan Kay,6.0,Water bottle/canteen,Canteen
US,1.0,US010,Alan Kay,7.0,300 yards single filament line with 25 assorted hooks,Fishing gear
US,1.0,US010,Alan Kay,8.0,Small gauge gill net,Gillnet
US,1.0,US010,Alan Kay,9.0,3.5lb wire,Wire
US,1.0,US010,Alan Kay,10.0,Knife,Knife
US,1.0,US008,Mitch Mitchell,1.0,Axe,Axe
US,1.0,US008,Mitch Mitchell,2.0,Sleeping bag,Sleeping bag
US,1.0,US008,Mitch Mitchell,3.0,Bivi bag (gortex sleeping cover),Bivy bag
US,1.0,US008,Mitch Mitchell,4.0,Large 2-quart pot,Pot
US,1.0,US008,Mitch Mitchell,5.0,Ferro rod,Ferro rod
US,1.0,US008,Mitch Mitchell,6.0,300 yards of single filament fishing line with 25 assorted hooks,Fishing gear
US,1.0,US008,Mitch Mitchell,7.0,Small gauge gill net,Gillnet
US,1.0,US008,Mitch Mitchell,8.0,Bow and 6 arrows,Bow and arrows
US,1.0,US008,Mitch Mitchell,9.0,Knife,Knife
US,1.0,US008,Mitch Mitchell,10.0,Sharpening stone,Sharpening stone
US,1.0,US007,Lucas Miller,1.0,12×12 ground sheet tarp,Tarp
US,1.0,US007,Lucas Miller,2.0,Saw,Saw
US,1.0,US007,Lucas Miller,3.0,Axe,Axe
US,1.0,US007,Lucas Miller,4.0,Sleeping bag,Sleeping bag
US,1.0,US007,Lucas Miller,5.0,Large 2-quart pot,Pot
US,1.0,US007,Lucas Miller,6.0,Ferro rod,Ferro rod
US,1.0,US007,Lucas Miller,7.0,300 yards of single filament line with 25 assorted hooks,Fishing gear
US,1.0,US007,Lucas Miller,8.0,Extra Tarp,Tarp
US,1.0,US007,Lucas Miller,9.0,Extra emergency rations,Rations
US,1.0,US007,Lucas Miller,10.0,Knife,Knife
US,1.0,US006,Dustin Feher,1.0,550 paracord – 20m,Paracord
US,1.0,US006,Dustin Feher,2.0,Axe,Axe
US,1.0,US006,Dustin Feher,3.0,Sleeping bag,Sleeping bag
US,1.0,US006,Dustin Feher,4.0,Large 2-quart pot,Pot
US,1.0,US006,Dustin Feher,5.0,Ferro rod,Ferro rod
US,1.0,US006,Dustin Feher,6.0,Water bottle/canteen,Canteen
US,1.0,US006,Dustin Feher,7.0,300 yards of single filament line with 25 assorted hooks,Fishing gear
US,1.0,US006,Dustin Feher,8.0,Small gauge gill net,Gillnet
US,1.0,US006,Dustin Feher,9.0,Slingshot,Slingshot
US,1.0,US006,Dustin Feher,10.0,Knife,Knife
US,1.0,US005,Brant McGee,1.0,12×12 ground sheet tarp,Tarp
US,1.0,US005,Brant McGee,2.0,550 paracord – 20m,Paracord
US,1.0,US005,Brant McGee,3.0,Axe,Axe
US,1.0,US005,Brant McGee,4.0,Sleeping bag,Sleeping bag
US,1.0,US005,Brant McGee,5.0,Large 2-quart pot,Pot
US,1.0,US005,Brant McGee,6.0,Ferro rod,Ferro rod
US,1.0,US005,Brant McGee,7.0,300 yards of single filament line with 25 assorted hooks,Fishing gear
US,1.0,US005,Brant McGee,8.0,Bow and 6 arrows,Bow and arrows
US,1.0,US005,Brant McGee,9.0,Extra emergency rations,Rations
US,1.0,US005,Brant McGee,10.0,Knife,Knife
US,1.0,US004,Wayne Russell,1.0,12×12 ground sheet,Ground sheet
US,1.0,US004,Wayne Russell,2.0,550 paracord – 20m,Paracord
US,1.0,US004,Wayne Russell,3.0,Saw,Saw
US,1.0,US004,Wayne Russell,4.0,Axe,Axe
US,1.0,US004,Wayne Russell,5.0,Sleeping bag,Sleeping bag
US,1.0,US004,Wayne Russell,6.0,large 2 quart pot,Pot
US,1.0,US004,Wayne Russell,7.0,Ferro rod,Ferro rod
US,1.0,US004,Wayne Russell,8.0,300 yards of single filament fishing line and 25 assorted hooks,Fishing gear
US,1.0,US004,Wayne Russell,9.0,knife,Knife
US,1.0,US004,Wayne Russell,10.0,Leatherman multi tool,Multitool
US,1.0,US003,Joe Robinet,1.0,12x 12 tarp,Tarp
US,1.0,US003,Joe Robinet,2.0,550 paracord – 20m,Paracord
US,1.0,US003,Joe Robinet,3.0,Axe,Axe
US,1.0,US003,Joe Robinet,4.0,Sleeping bag,Sleeping bag
US,1.0,US003,Joe Robinet,5.0,Large 2-quart pot,Pot
US,1.0,US003,Joe Robinet,6.0,Ferro rod,Ferro rod
US,1.0,US003,Joe Robinet,7.0,300 yards of single filament line with 25 assorted hooks,Fishing gear
US,1.0,US003,Joe Robinet,8.0,Small gauge gill net,Gillnet
US,1.0,US003,Joe Robinet,9.0,Extra emergency rations,Rations
US,1.0,US003,Joe Robinet,10.0,Large knife,Knife
US,1.0,US002,Chris Weatherman,1.0,Saw,Saw
US,1.0,US002,Chris Weatherman,2.0,Axe,Axe
US,1.0,US002,Chris Weatherman,3.0,Sleeping bag,Sleeping bag
US,1.0,US002,Chris Weatherman,4.0,Ferro rod,Ferro rod
US,1.0,US002,Chris Weatherman,5.0,Large 2 quart pot,Pot
US,1.0,US002,Chris Weatherman,6.0,Water bottle canteen,Canteen
US,1.0,US002,Chris Weatherman,7.0,300 yards of single filament fishing line with 25 assorted hooks,Fishing gear
US,1.0,US002,Chris Weatherman,8.0,Bow and 6 arrows,Bow and arrows
US,1.0,US002,Chris Weatherman,9.0,Knife,Knife
US,1.0,US002,Chris Weatherman,10.0,Sharpening stone,Sharpening stone
US,1.0,US001,Josh Chavez,1.0,12×12 ground sheet,Ground sheet
US,1.0,US001,Josh Chavez,2.0,550 paracord – 20m,Paracord
US,1.0,US001,Josh Chavez,3.0,Saw,Saw
US,1.0,US001,Josh Chavez,4.0,Axe,Axe
US,1.0,US001,Josh Chavez,5.0,Sleeping bag,Sleeping bag
US,1.0,US001,Josh Chavez,6.0,Bivi bag (gortex sleeping bag cover),Bivy bag
US,1.0,US001,Josh Chavez,7.0,Large 2-quart pot,Pot
US,1.0,US001,Josh Chavez,8.0,Ferro rod,Ferro rod
US,1.0,US001,Josh Chavez,9.0,300 yards of single filament line with 25 assorted hooks,Fishing gear
US,1.0,US001,Josh Chavez,10.0,Bow and 6 arrows,Bow and arrows
US,1.0,US009,Sam Larson,1.0,12×12 ground sheet tarp,Tarp
US,1.0,US009,Sam Larson,2.0,Axe,Axe
US,1.0,US009,Sam Larson,3.0,Sleeping bag,Sleeping bag
US,1.0,US009,Sam Larson,4.0,Large 2-quart pot,Pot
US,1.0,US009,Sam Larson,5.0,Ferro rod,Ferro rod
US,1.0,US009,Sam Larson,6.0,300 yards of single filament line with 25 assorted hooks,Fishing gear
US,1.0,US009,Sam Larson,7.0,Bow and 6 arrows,Bow and arrows
US,1.0,US009,Sam Larson,8.0,Slingshot,Slingshot
US,1.0,US009,Sam Larson,9.0,Extra emergency rations,Rations
US,1.0,US009,Sam Larson,10.0,Knife,Knife
US,2.0,US020,David McIntyre,1.0,Stainless steel knife,Knife
US,2.0,US020,David McIntyre,2.0,Ferro rod,Ferro rod
US,2.0,US020,David McIntyre,3.0,2 quart pot,Pot
US,2.0,US020,David McIntyre,4.0,"270 yards of 50 lb test fishing line, 30 yards of 100 lb test line, 25 circle hooks",Fishing gear
US,2.0,US020,David McIntyre,5.0,Straight-blade folding saw,Saw
US,2.0,US020,David McIntyre,6.0,2 lb axe,Axe
US,2.0,US020,David McIntyre,7.0,0° rated sleeping bag,Sleeping bag
US,2.0,US020,David McIntyre,8.0,Bivy bag with US Army-issue Gore-Tex cover,Bivy bag
US,2.0,US020,David McIntyre,9.0,Gill net,Gillnet
US,2.0,US020,David McIntyre,10.0,Emergency rations,Rations
US,2.0,US018,Jose Martinez Amoedo,1.0,Bushcraft knife,Knife
US,2.0,US018,Jose Martinez Amoedo,2.0,Ferro rod,Ferro rod
US,2.0,US018,Jose Martinez Amoedo,3.0,2 quart cast iron pot with lid,Pot
US,2.0,US018,Jose Martinez Amoedo,4.0,300 yards of fishing lines and 25 assorted hooks,Fishing gear
US,2.0,US018,Jose Martinez Amoedo,5.0,1-piece handsaw,Saw
US,2.0,US018,Jose Martinez Amoedo,6.0,Axe,Axe
US,2.0,US018,Jose Martinez Amoedo,7.0,Canvas and flannel sleeping bag,Sleeping bag
US,2.0,US018,Jose Martinez Amoedo,8.0,Gill net,Gillnet
US,2.0,US018,Jose Martinez Amoedo,9.0,Woodworking multi-tool,Multitool
US,2.0,US018,Jose Martinez Amoedo,10.0,Emergency rations,Rations
US,2.0,US016,Justin Vititoe,1.0,Multi-tool with 17 different tools,Multitool
US,2.0,US016,Justin Vititoe,2.0,Ferro rod,Ferro rod
US,2.0,US016,Justin Vititoe,3.0,5 quart pan,Frying pan
US,2.0,US016,Justin Vititoe,4.0,10 meters of 8mm climbing rope,Rope
US,2.0,US016,Justin Vititoe,5.0,1-piece handsaw,Saw
US,2.0,US016,Justin Vititoe,6.0,Axe,Axe
US,2.0,US016,Justin Vititoe,7.0,Down sleeping bag with sleeves,Sleeping bag
US,2.0,US016,Justin Vititoe,8.0,Nylon netted hammock,Hammock
US,2.0,US016,Justin Vititoe,9.0,Emergency rations,Rations
US,2.0,US016,Justin Vititoe,10.0,Emergency rations,Rations
US,2.0,US014,Mike Lowe,1.0,Full Tang hunting knife,Knife
US,2.0,US014,Mike Lowe,2.0,Ferro rod,Ferro rod
US,2.0,US014,Mike Lowe,3.0,2 quart pot with lid,Pot
US,2.0,US014,Mike Lowe,4.0,300 yards of 50 lb test fishing line and 25 assorted hooks,Fishing gear
US,2.0,US014,Mike Lowe,5.0,Curved blade saw,Saw
US,2.0,US014,Mike Lowe,6.0,2.5 lb hickory handled axe,Axe
US,2.0,US014,Mike Lowe,7.0,0° rated sleeping bag,Sleeping bag
US,2.0,US014,Mike Lowe,8.0,Gill net,Gillnet
US,2.0,US014,Mike Lowe,9.0,Emergency rations,Rations
US,2.0,US014,Mike Lowe,10.0,Emergency rations,Rations
US,2.0,US013,Tracy Wilson,1.0,Hunting knife,Knife
US,2.0,US013,Tracy Wilson,2.0,Ferro rod,Ferro rod
US,2.0,US013,Tracy Wilson,3.0,2 quart pot,Pot
US,2.0,US013,Tracy Wilson,4.0,"200 yards of 40 lb test fishing line, 100 yards of 20 lb test line and 25 hooks",Fishing gear
US,2.0,US013,Tracy Wilson,5.0,Collapsible saw,Saw
US,2.0,US013,Tracy Wilson,6.0,3 lb axe,Axe
US,2.0,US013,Tracy Wilson,7.0,-40° rated sleeping bag,Sleeping bag
US,2.0,US013,Tracy Wilson,8.0,Gill net,Gillnet
US,2.0,US013,Tracy Wilson,9.0,Emergency rations,Rations
US,2.0,US013,Tracy Wilson,10.0,Emergency rations,Rations
US,2.0,US012,Mary Kate Green,1.0,Bushcraft knife,Knife
US,2.0,US012,Mary Kate Green,2.0,Ferro rod,Ferro rod
US,2.0,US012,Mary Kate Green,3.0,2 quart cast iron pot,Pot
US,2.0,US012,Mary Kate Green,4.0,300 yards of fishing line and 25 hooks,Fishing gear
US,2.0,US012,Mary Kate Green,5.0,Bow saw,Saw
US,2.0,US012,Mary Kate Green,6.0,26-inch axe,Axe
US,2.0,US012,Mary Kate Green,7.0,0° Rated sleeping bag,Sleeping bag
US,2.0,US012,Mary Kate Green,8.0,Gill net,Gillnet
US,2.0,US012,Mary Kate Green,9.0,12 foot x 12 foot tarp,Tarp
US,2.0,US012,Mary Kate Green,10.0,Emergency rations,Rations
US,2.0,US011,Desmond White,1.0,Full Tang knife,Knife
US,2.0,US011,Desmond White,2.0,Ferro rod,Ferro rod
US,2.0,US011,Desmond White,3.0,2 quart pot with lid,Pot
US,2.0,US011,Desmond White,4.0,300 yards of 40 lb test fishing lines and 25 assorted hooks,Fishing gear
US,2.0,US011,Desmond White,5.0,Folding saw,Saw
US,2.0,US011,Desmond White,6.0,Axe,Axe
US,2.0,US011,Desmond White,7.0,-10° rated sleeping bag,Sleeping bag
US,2.0,US011,Desmond White,8.0,Bivy bag with Gore-Tex cover,Bivy bag
US,2.0,US011,Desmond White,9.0,Gill net,Gillnet
US,2.0,US011,Desmond White,10.0,Emergency rations,Rations
US,2.0,US019,Larry Roberts,1.0,Bushcraft knife,Knife
US,2.0,US019,Larry Roberts,2.0,Ferro rod,Ferro rod
US,2.0,US019,Larry Roberts,3.0,2-quart pot with lid,Pot
US,2.0,US019,Larry Roberts,4.0,300 yards of fishing lines and 25 assorted hooks,Fishing gear
US,2.0,US019,Larry Roberts,5.0,Collapsible saw,Saw
US,2.0,US019,Larry Roberts,6.0,Axe,Axe
US,2.0,US019,Larry Roberts,7.0,-20° rated sleeping bag,Sleeping bag
US,2.0,US019,Larry Roberts,8.0,Gill net,Gillnet
US,2.0,US019,Larry Roberts,9.0,Paracord,Paracord
US,2.0,US019,Larry Roberts,10.0,Emergency rations,Rations
US,2.0,US017,Nicole Apelian,1.0,Full Tang curved carbon steel knife with maple handle,Knife
US,2.0,US017,Nicole Apelian,2.0,Ferro rod,Ferro rod
US,2.0,US017,Nicole Apelian,3.0,16-inch stainless steel pan,Frying pan
US,2.0,US017,Nicole Apelian,4.0,"200 yards of 30 lb test fishing line, 100 yards of 80 lb test fishing lines and hooks",Fishing gear
US,2.0,US017,Nicole Apelian,5.0,Folding saw,Saw
US,2.0,US017,Nicole Apelian,6.0,23-inch splitting axe,Axe
US,2.0,US017,Nicole Apelian,7.0,-30° rated sleeping bag,Sleeping bag
US,2.0,US017,Nicole Apelian,8.0,Gill net,Gillnet
US,2.0,US017,Nicole Apelian,9.0,Emergency rations,Rations
US,2.0,US017,Nicole Apelian,10.0,Emergency rations,Rations
US,2.0,US015,Randy Champagne,1.0,Full Tang stainless steel knife,Knife
US,2.0,US015,Randy Champagne,2.0,Ferro rod,Ferro rod
US,2.0,US015,Randy Champagne,3.0,2 quart pot,Pot
US,2.0,US015,Randy Champagne,4.0,Fishing lines and 25 assorted hooks,Fishing gear
US,2.0,US015,Randy Champagne,5.0,Crosscut carpenter saw,Saw
US,2.0,US015,Randy Champagne,6.0,Axe,Axe
US,2.0,US015,Randy Champagne,7.0,-20° rated sleeping bag,Sleeping bag
US,2.0,US015,Randy Champagne,8.0,Gill net,Gillnet
US,2.0,US015,Randy Champagne,9.0,"Handmade bow and 6 arrows (4 broad heads, 2 field points)",Bow and arrows
US,2.0,US015,Randy Champagne,10.0,Wire,Wire
US,3.0,US030,Zachary Fowler,1.0,Shovel: Spetznas (Russian Special Forces) model w/ sharpened edge,Shovel
US,3.0,US030,Zachary Fowler,2.0,Sleeping Bag: -20°,Sleeping bag
US,3.0,US030,Zachary Fowler,3.0,Axe: felling axe,Axe
US,3.0,US030,Zachary Fowler,4.0,Pot: 2 quarts w/ handle,Pot
US,3.0,US030,Zachary Fowler,5.0,Ferro rod,Ferro rod
US,3.0,US030,Zachary Fowler,6.0,"Slingshot: custom-made, 2 elastic bands, 30 pieces of ammo",Slingshot
US,3.0,US030,Zachary Fowler,7.0,Fishing Line & Hooks: 25 hooks; 20 lb test & 50 lb test,Fishing gear
US,3.0,US030,Zachary Fowler,8.0,Paracord,Paracord
US,3.0,US030,Zachary Fowler,9.0,Saw: crosscut saw,Saw
US,3.0,US030,Zachary Fowler,10.0,"Multitool: pliers, guthook, screwdriver, blade, spoon gauge, file, scissors, sewing awl",Multitool
US,3.0,US028,Megan Hanacek,1.0,"Sleeping Bag: -14°, synthetic",Sleeping bag
US,3.0,US028,Megan Hanacek,2.0,Bivvy Bag,Bivy bag
US,3.0,US028,Megan Hanacek,3.0,"Axe: 31-inch, 4.5 lb head",Axe
US,3.0,US028,Megan Hanacek,4.0,"Knife: W2 bowie knife, 10-inch blade",Knife
US,3.0,US028,Megan Hanacek,5.0,Pot: 2 quarts w/ handle,Pot
US,3.0,US028,Megan Hanacek,6.0,Gillnet,Gillnet
US,3.0,US028,Megan Hanacek,7.0,Fishing Line & Hooks: 25 hooks; 2 different weight tests,Fishing gear
US,3.0,US028,Megan Hanacek,8.0,Paracord – ½ light and ½ dark,Paracord
US,3.0,US028,Megan Hanacek,9.0,Ferro rod,Ferro rod
US,3.0,US028,Megan Hanacek,10.0,Ration,Rations
US,3.0,US026,Callie North,1.0,"Knife: handmade, 1095 carbon steel, bone handle, with silver & abalone inlay",Knife
US,3.0,US026,Callie North,2.0,Ferro rod,Ferro rod
US,3.0,US026,Callie North,3.0,"Sleeping Bag: -40°, dry down",Sleeping bag
US,3.0,US026,Callie North,4.0,Pot: 2 quart w/ handle,Pot
US,3.0,US026,Callie North,5.0,"Fishing Line & Hooks: 25 hooks, 10 lb & 40 lb test",Fishing gear
US,3.0,US026,Callie North,6.0,Paracord: 40 meters,Paracord
US,3.0,US026,Callie North,7.0,"Tarp: heavy-duty, handsewn, 40 mil, military-grade",Tarp
US,3.0,US026,Callie North,8.0,Saw: folding long-handled pruning saw,Saw
US,3.0,US026,Callie North,9.0,Rations,Rations
US,3.0,US026,Callie North,10.0,Rations,Rations
US,3.0,US025,Greg Ovens,1.0,"Knife: high carbon steel archer knife, giraffe bone handle",Knife
US,3.0,US025,Greg Ovens,2.0,Paracord,Paracord
US,3.0,US025,Greg Ovens,3.0,Pot: 2 quart stainless steel w/ handle,Pot
US,3.0,US025,Greg Ovens,4.0,"Fishing Line & Hooks: 25 assorted hooks, 60 lb test & 15 lb test",Fishing gear
US,3.0,US025,Greg Ovens,5.0,"Bow & Arrows: laminated maple recurve, 62 inch, 55 lb pull; quiver w/ 6 carbon arrows w/ broadhead tips",Bow and arrows
US,3.0,US025,Greg Ovens,6.0,Axe: 60 year old German steel axe,Axe
US,3.0,US025,Greg Ovens,7.0,Saw: 60-70 year old crosscut saw,Saw
US,3.0,US025,Greg Ovens,8.0,"Sleeping bag: -40°, down-filled, waterproof",Sleeping bag
US,3.0,US025,Greg Ovens,9.0,Ferro rod,Ferro rod
US,3.0,US025,Greg Ovens,10.0,Rations,Rations
US,3.0,US024,Dan Wowak,1.0,Axe: full-size felling axe,Axe
US,3.0,US024,Dan Wowak,2.0,Knife: high carbon steel,Knife
US,3.0,US024,Dan Wowak,3.0,Saw: 30-inch bow saw,Saw
US,3.0,US024,Dan Wowak,4.0,"Sleeping Bag: -20°, synthetic",Sleeping bag
US,3.0,US024,Dan Wowak,5.0,Hammock,Hammock
US,3.0,US024,Dan Wowak,6.0,Paracord,Paracord
US,3.0,US024,Dan Wowak,7.0,Pot: 2 quart bush pot w/ handle,Pot
US,3.0,US024,Dan Wowak,8.0,Ferro rod,Ferro rod
US,3.0,US024,Dan Wowak,9.0,Fishing Line & Hooks: 25 hooks; 20 lb test & 8 lb test,Fishing gear
US,3.0,US024,Dan Wowak,10.0,Rations,Rations
US,3.0,US022,Zachary Gault,1.0,Sleeping Bag: -40°,Sleeping bag
US,3.0,US022,Zachary Gault,2.0,Pot: “13 cm billycan”,Pot
US,3.0,US022,Zachary Gault,3.0,Fishing Line & Hooks: 25 hooks; 80 lb test & 20 lb test,Fishing gear
US,3.0,US022,Zachary Gault,4.0,Sharpening Stone: 2 sided: coarse diamond & smooth ceramic,Sharpening stone
US,3.0,US022,Zachary Gault,5.0,Ferro rod,Ferro rod
US,3.0,US022,Zachary Gault,6.0,Saw: small folding handsaw,Saw
US,3.0,US022,Zachary Gault,7.0,Paracord: 40 meters,Paracord
US,3.0,US022,Zachary Gault,8.0,Axe: 25-inch w/ 2lb head,Axe
US,3.0,US022,Zachary Gault,9.0,Knife: full tang,Knife
US,3.0,US022,Zachary Gault,10.0,Rations,Rations
US,3.0,US021,Jim Shields,1.0,"Sleeping Bag: -20°, synthetic",Sleeping bag
US,3.0,US021,Jim Shields,2.0,Axe: Scandinavian forest axe,Axe
US,3.0,US021,Jim Shields,3.0,Saw: bow saw,Saw
US,3.0,US021,Jim Shields,4.0,Knife: 5-inch carbon steel bush knife,Knife
US,3.0,US021,Jim Shields,5.0,Ferro rod,Ferro rod
US,3.0,US021,Jim Shields,6.0,Paracord: 40 meters,Paracord
US,3.0,US021,Jim Shields,7.0,Pot: 2 quart bush pot w/ handle,Pot
US,3.0,US021,Jim Shields,8.0,"Fishing Line & Hooks: 25 hooks, 300 yards of fishing line",Fishing gear
US,3.0,US021,Jim Shields,9.0,Rations,Rations
US,3.0,US021,Jim Shields,10.0,Rations,Rations
US,3.0,US029,Carleigh Fairchild,1.0,Paracord,Paracord
US,3.0,US029,Carleigh Fairchild,2.0,Saw,Saw
US,3.0,US029,Carleigh Fairchild,3.0,Sleeping bag,Sleeping bag
US,3.0,US029,Carleigh Fairchild,4.0,Pot,Pot
US,3.0,US029,Carleigh Fairchild,5.0,Ferro rod,Ferro rod
US,3.0,US029,Carleigh Fairchild,6.0,Canteen,Canteen
US,3.0,US029,Carleigh Fairchild,7.0,Fishing line and hooks,Fishing gear
US,3.0,US029,Carleigh Fairchild,8.0,Bow and arrows,Bow and arrows
US,3.0,US029,Carleigh Fairchild,9.0,Knife,Knife
US,3.0,US029,Carleigh Fairchild,10.0,Food ration,Rations
US,3.0,US027,Dave Nessia,1.0,Axe,Axe
US,3.0,US027,Dave Nessia,2.0,Sleeping bag,Sleeping bag
US,3.0,US027,Dave Nessia,3.0,Pot,Pot
US,3.0,US027,Dave Nessia,4.0,Ferro rod,Ferro rod
US,3.0,US027,Dave Nessia,5.0,Fishing line and hooks,Fishing gear
US,3.0,US027,Dave Nessia,6.0,Bow and arrows,Bow and arrows
US,3.0,US027,Dave Nessia,7.0,Gill net,Gillnet
US,3.0,US027,Dave Nessia,8.0,Trapping wire,Trapping wire
US,3.0,US027,Dave Nessia,9.0,Knife,Knife
US,3.0,US027,Dave Nessia,10.0,Food ration,Rations
US,3.0,US023,Britt Ahart,1.0,Knife,Knife
US,3.0,US023,Britt Ahart,2.0,Multitool,Multitool
US,3.0,US023,Britt Ahart,3.0,Paracord,Paracord
US,3.0,US023,Britt Ahart,4.0,Fishing line and hooks,Fishing gear
US,3.0,US023,Britt Ahart,5.0,Pot,Pot
US,3.0,US023,Britt Ahart,6.0,Ferro rod,Ferro rod
US,3.0,US023,Britt Ahart,7.0,Sleeping Bag,Sleeping bag
US,3.0,US023,Britt Ahart,8.0,Bow and arrows,Bow and arrows
US,3.0,US023,Britt Ahart,9.0,Folding saw,Saw
US,3.0,US023,Britt Ahart,10.0,Trapping wire,Wire
US,4.0,US044,Jim Baird,1.0,Saw – crosscut teeth,Saw
US,4.0,US044,Jim Baird,2.0,"Bow and arrows – recurve bow, 50+ lb. draw",Bow and arrows
US,4.0,US044,Jim Baird,3.0,Gillnet,Gillnet
US,4.0,US044,Jim Baird,4.0,Tarp – 12′ x 12′,Tarp
US,4.0,US044,Jim Baird,5.0,Trapping wire,Trapping wire
US,4.0,US044,Jim Baird,6.0,Fishing line and hooks,Fishing gear
US,4.0,US044,Jim Baird,7.0,Pot – titanium,Pot
US,4.0,US044,Jim Baird,8.0,Multitool,Multitool
US,4.0,US044,Jim Baird,9.0,Rations,Rations
US,4.0,US044,Jim Baird,10.0,Ax – painted orange,Axe
US,4.0,US043,Ted Baird,1.0,Saw – crosscut teeth,Saw
US,4.0,US043,Ted Baird,2.0,"Bow and arrows – recurve bow, 50+ lb. draw",Bow and arrows
US,4.0,US043,Ted Baird,3.0,Gillnet,Gillnet
US,4.0,US043,Ted Baird,4.0,Tarp – 12′ x 12′,Tarp
US,4.0,US043,Ted Baird,5.0,Trapping wire,Trapping wire
US,4.0,US043,Ted Baird,6.0,Fishing line and hooks,Fishing gear
US,4.0,US043,Ted Baird,7.0,Pot – titanium,Pot
US,4.0,US043,Ted Baird,8.0,Multitool,Multitool
US,4.0,US043,Ted Baird,9.0,Rations,Rations
US,4.0,US043,Ted Baird,10.0,Ax – painted orange,Axe
US,4.0,US042,Pete Brockdorff,1.0,Tarp – 12′ x 12′,Tarp
US,4.0,US042,Pete Brockdorff,2.0,Fishing line and hooks – 50 yards of 40 lb. test and 250 yards of 20 lb. test,Fishing gear
US,4.0,US042,Pete Brockdorff,3.0,Gillnet – 12′ x 4′,Gillnet
US,4.0,US042,Pete Brockdorff,4.0,Trapping wire – 3.5 lb. gauge,Trapping wire
US,4.0,US042,Pete Brockdorff,5.0,Rations,Rations
US,4.0,US042,Pete Brockdorff,6.0,Tarp – 12′ x 12′,Tarp
US,4.0,US042,Pete Brockdorff,7.0,Paracord – 500 lb. Rated,Paracord
US,4.0,US042,Pete Brockdorff,8.0,"Saw – folding saw, 14″ blade",Saw
US,4.0,US042,Pete Brockdorff,9.0,Ax – 26″ all-steel ax,Axe
US,4.0,US042,Pete Brockdorff,10.0,"Pot – 2 quarts, stainless steel",Pot
US,4.0,US041,Sam Brockdorff,1.0,Tarp – 12′ x 12′,Tarp
US,4.0,US041,Sam Brockdorff,2.0,Fishing line and hooks – 50 yards of 40 lb. test and 250 yards of 20 lb. test,Fishing gear
US,4.0,US041,Sam Brockdorff,3.0,Gillnet – 12′ x 4′,Gillnet
US,4.0,US041,Sam Brockdorff,4.0,Trapping wire – 3.5 lb. gauge,Trapping wire
US,4.0,US041,Sam Brockdorff,5.0,Rations,Rations
US,4.0,US041,Sam Brockdorff,6.0,Tarp – 12′ x 12′,Tarp
US,4.0,US041,Sam Brockdorff,7.0,Paracord – 500 lb. Rated,Paracord
US,4.0,US041,Sam Brockdorff,8.0,"Saw – folding saw, 14″ blade",Saw
US,4.0,US041,Sam Brockdorff,9.0,Ax – 26″ all-steel ax,Axe
US,4.0,US041,Sam Brockdorff,10.0,"Pot – 2 quarts, stainless steel",Pot
US,4.0,US040,Brooke Whipple,1.0,Bow saw,Saw
US,4.0,US040,Brooke Whipple,2.0,"Pot – vintage aluminum coffee pot, 2 quarts",Pot
US,4.0,US040,Brooke Whipple,3.0,Tarp – 12′ x 12′,Tarp
US,4.0,US040,Brooke Whipple,4.0,Bar of Soap,Soap
US,4.0,US040,Brooke Whipple,5.0,Rations,Rations
US,4.0,US040,Brooke Whipple,6.0,Ax – full-sized felling ax,Axe
US,4.0,US040,Brooke Whipple,7.0,Tarp – 12′ x 12′,Tarp
US,4.0,US040,Brooke Whipple,8.0,Fishing line and hooks,Fishing gear
US,4.0,US040,Brooke Whipple,9.0,Pan,Frying pan
US,4.0,US040,Brooke Whipple,10.0,Rations,Rations
US,4.0,US039,Dave Whipple,1.0,Bow saw,Saw
US,4.0,US039,Dave Whipple,2.0,"Pot – vintage aluminum coffee pot, 2 quarts",Pot
US,4.0,US039,Dave Whipple,3.0,Tarp – 12′ x 12′,Tarp
US,4.0,US039,Dave Whipple,4.0,Bar of Soap,Soap
US,4.0,US039,Dave Whipple,5.0,Rations,Rations
US,4.0,US039,Dave Whipple,6.0,Ax – full-sized felling ax,Axe
US,4.0,US039,Dave Whipple,7.0,Tarp – 12′ x 12′,Tarp
US,4.0,US039,Dave Whipple,8.0,Fishing line and hooks,Fishing gear
US,4.0,US039,Dave Whipple,9.0,Pan,Frying pan
US,4.0,US039,Dave Whipple,10.0,Rations,Rations
US,4.0,US038,Chris Wilkes,1.0,Bivy bag – waterproof bivy for sleeping bag,Bivy bag
US,4.0,US038,Chris Wilkes,2.0,Ax – medium-sized,Axe
US,4.0,US038,Chris Wilkes,3.0,Pot – 2-quart bush pot,Pot
US,4.0,US038,Chris Wilkes,4.0,"Fishing line and hooks – 50 yards 30 lb. test, 100 yards 100 lb. test, 150 yards 40 lb. test",Fishing gear
US,4.0,US038,Chris Wilkes,5.0,Tarp – 12′ x 12′,Tarp
US,4.0,US038,Chris Wilkes,6.0,Bivy bag – waterproof bivy for sleeping bag,Bivy bag
US,4.0,US038,Chris Wilkes,7.0,Pot – 2-quart bush pot,Pot
US,4.0,US038,Chris Wilkes,8.0,Tarp – 12′ x 12′,Tarp
US,4.0,US038,Chris Wilkes,9.0,Saw – 18″ blade,Saw
US,4.0,US038,Chris Wilkes,10.0,Gillnet,Gillnet
US,4.0,US037,Brody Wilkes,1.0,Bivy bag – waterproof bivy for sleeping bag,Bivy bag
US,4.0,US037,Brody Wilkes,2.0,Ax – medium-sized,Axe
US,4.0,US037,Brody Wilkes,3.0,Pot – 2-quart bush pot,Pot
US,4.0,US037,Brody Wilkes,4.0,"Fishing line and hooks – 50 yards 30 lb. test, 100 yards 100 lb. test, 150 yards 40 lb. test",Fishing gear
US,4.0,US037,Brody Wilkes,5.0,Tarp – 12′ x 12′,Tarp
US,4.0,US037,Brody Wilkes,6.0,Bivy bag – waterproof bivy for sleeping bag,Bivy bag
US,4.0,US037,Brody Wilkes,7.0,Pot – 2-quart bush pot,Pot
US,4.0,US037,Brody Wilkes,8.0,Tarp – 12′ x 12′,Tarp
US,4.0,US037,Brody Wilkes,9.0,Saw – 18″ blade,Saw
US,4.0,US037,Brody Wilkes,10.0,Gillnet,Gillnet
US,4.0,US036,Shannon Bosdell,1.0,Gillnet,Gillnet
US,4.0,US036,Shannon Bosdell,2.0,Tarp – 12′ x 12′,Tarp
US,4.0,US036,Shannon Bosdell,3.0,Fishing line and hooks,Fishing gear
US,4.0,US036,Shannon Bosdell,4.0,"Pot – 2 quarts, cast iron",Pot
US,4.0,US036,Shannon Bosdell,5.0,Saw,Saw
US,4.0,US036,Shannon Bosdell,6.0,Bow and arrows,Bow and arrows
US,4.0,US036,Shannon Bosdell,7.0,Multitool,Multitool
US,4.0,US036,Shannon Bosdell,8.0,Canteen,Canteen
US,4.0,US036,Shannon Bosdell,9.0,Rations,Rations
US,4.0,US036,Shannon Bosdell,10.0,Rations,Rations
US,4.0,US035,Jesse Bosdell,1.0,Gillnet,Gillnet
US,4.0,US035,Jesse Bosdell,2.0,Tarp – 12′ x 12′,Tarp
US,4.0,US035,Jesse Bosdell,3.0,Fishing line and hooks,Fishing gear
US,4.0,US035,Jesse Bosdell,4.0,"Pot – 2 quarts, cast iron",Pot
US,4.0,US035,Jesse Bosdell,5.0,Saw,Saw
US,4.0,US035,Jesse Bosdell,6.0,Bow and arrows,Bow and arrows
US,4.0,US035,Jesse Bosdell,7.0,Multitool,Multitool
US,4.0,US035,Jesse Bosdell,8.0,Canteen,Canteen
US,4.0,US035,Jesse Bosdell,9.0,Rations,Rations
US,4.0,US035,Jesse Bosdell,10.0,Rations,Rations
US,4.0,US034,Alex Ribar,1.0,Bow and arrows,Bow and arrows
US,4.0,US034,Alex Ribar,2.0,Paracord – 500 lb. Rated,Paracord
US,4.0,US034,Alex Ribar,3.0,Gillnet,Gillnet
US,4.0,US034,Alex Ribar,4.0,Ax – 24″,Axe
US,4.0,US034,Alex Ribar,5.0,Multitool,Multitool
US,4.0,US034,Alex Ribar,6.0,"Fishing line and hooks – 6 lb. test, 30 lb. test, 60 lb. test",Fishing gear
US,4.0,US034,Alex Ribar,7.0,"Pot – stainless steel, 2 quarts",Pot
US,4.0,US034,Alex Ribar,8.0,Tarp – 12′ x 12′,Tarp
US,4.0,US034,Alex Ribar,9.0,Saw – 24″ folding saw,Saw
US,4.0,US034,Alex Ribar,10.0,Rations,Rations
US,4.0,US033,Logan Ribar,1.0,Bow and arrows,Bow and arrows
US,4.0,US033,Logan Ribar,2.0,Paracord – 500 lb. Rated,Paracord
US,4.0,US033,Logan Ribar,3.0,Gillnet,Gillnet
US,4.0,US033,Logan Ribar,4.0,Ax – 24″,Axe
US,4.0,US033,Logan Ribar,5.0,Multitool,Multitool
US,4.0,US033,Logan Ribar,6.0,"Fishing line and hooks – 6 lb. test, 30 lb. test, 60 lb. test",Fishing gear
US,4.0,US033,Logan Ribar,7.0,"Pot – stainless steel, 2 quarts",Pot
US,4.0,US033,Logan Ribar,8.0,Tarp – 12′ x 12′,Tarp
US,4.0,US033,Logan Ribar,9.0,Saw – 24″ folding saw,Saw
US,4.0,US033,Logan Ribar,10.0,Rations,Rations
US,4.0,US032,Brad Richardson,1.0,Saw – collapsible bow saw,Saw
US,4.0,US032,Brad Richardson,2.0,Bivy bag,Bivy bag
US,4.0,US032,Brad Richardson,3.0,Canteen – 64 oz.,Canteen
US,4.0,US032,Brad Richardson,4.0,Ax – mid-sized camp ax,Axe
US,4.0,US032,Brad Richardson,5.0,Tarp – 12′ x 12′,Tarp
US,4.0,US032,Brad Richardson,6.0,Fishing line and hooks,Fishing gear
US,4.0,US032,Brad Richardson,7.0,"Pot – 2 quarts, stainless steel",Pot
US,4.0,US032,Brad Richardson,8.0,Saw – crosscut,Saw
US,4.0,US032,Brad Richardson,9.0,Bivy bag,Bivy bag
US,4.0,US032,Brad Richardson,10.0,Rations,Rations
US,4.0,US031,Josh Richardson,1.0,Saw – collapsible bow saw,Saw
US,4.0,US031,Josh Richardson,2.0,Bivy bag,Bivy bag
US,4.0,US031,Josh Richardson,3.0,Canteen – 64 oz.,Canteen
US,4.0,US031,Josh Richardson,4.0,Ax – mid-sized camp ax,Axe
US,4.0,US031,Josh Richardson,5.0,Tarp – 12′ x 12′,Tarp
US,4.0,US031,Josh Richardson,6.0,Fishing line and hooks,Fishing gear
US,4.0,US031,Josh Richardson,7.0,"Pot – 2 quarts, stainless steel",Pot
US,4.0,US031,Josh Richardson,8.0,Saw – crosscut,Saw
US,4.0,US031,Josh Richardson,9.0,Bivy bag,Bivy bag
US,4.0,US031,Josh Richardson,10.0,Rations,Rations
US,5.0,US009,Sam Larson,1.0,Saw,Saw
US,5.0,US009,Sam Larson,2.0,Axe,Axe
US,5.0,US009,Sam Larson,3.0,Pot,Pot
US,5.0,US009,Sam Larson,4.0,Ferro rod,Ferro rod
US,5.0,US009,Sam Larson,5.0,Multitool,Multitool
US,5.0,US009,Sam Larson,6.0,Food ration,Rations
US,5.0,US009,Sam Larson,7.0,Food ration,Rations
US,5.0,US009,Sam Larson,8.0,Sleeping bag,Sleeping bag
US,5.0,US009,Sam Larson,9.0,Paracord,Paracord
US,5.0,US009,Sam Larson,10.0,Trapping wire,Trapping wire
US,5.0,US019,Larry Roberts,1.0,Knife,Knife
US,5.0,US019,Larry Roberts,2.0,Sleeping bag,Sleeping bag
US,5.0,US019,Larry Roberts,3.0,Pot,Pot
US,5.0,US019,Larry Roberts,4.0,Ferro rod,Ferro rod
US,5.0,US019,Larry Roberts,5.0,Paracord,Paracord
US,5.0,US019,Larry Roberts,6.0,Saw,Saw
US,5.0,US019,Larry Roberts,7.0,Fishing line and hooks,Fishing gear
US,5.0,US019,Larry Roberts,8.0,Trapping wire,Trapping wire
US,5.0,US019,Larry Roberts,9.0,Food ration,Rations
US,5.0,US019,Larry Roberts,10.0,Food ration,Rations
US,5.0,US017,Nicole Apelian,1.0,Knife,Knife
US,5.0,US017,Nicole Apelian,2.0,Saw,Saw
US,5.0,US017,Nicole Apelian,3.0,Sleeping bag,Sleeping bag
US,5.0,US017,Nicole Apelian,4.0,Ferro rod,Ferro rod
US,5.0,US017,Nicole Apelian,5.0,Multitool,Multitool
US,5.0,US017,Nicole Apelian,6.0,Pot,Pot
US,5.0,US017,Nicole Apelian,7.0,Fishing line and hooks,Fishing gear
US,5.0,US017,Nicole Apelian,8.0,Gill net,Gillnet
US,5.0,US017,Nicole Apelian,9.0,Trapping wire,Trapping wire
US,5.0,US017,Nicole Apelian,10.0,Food ration,Rations
US,5.0,US015,Randy Champagne,1.0,Knife,Knife
US,5.0,US015,Randy Champagne,2.0,Axe,Axe
US,5.0,US015,Randy Champagne,3.0,Sleeping bag,Sleeping bag
US,5.0,US015,Randy Champagne,4.0,Cooking pot,Pot
US,5.0,US015,Randy Champagne,5.0,Bow and arrows,Bow and arrows
US,5.0,US015,Randy Champagne,6.0,Trapping wire,Trapping wire
US,5.0,US015,Randy Champagne,7.0,Fishing line and hooks,Fishing gear
US,5.0,US015,Randy Champagne,8.0,Ferro rod,Ferro rod
US,5.0,US015,Randy Champagne,9.0,Saw,Saw
US,5.0,US015,Randy Champagne,10.0,Food ration,Rations
US,5.0,US029,Carleigh Fairchild,1.0,Paracord,Paracord
US,5.0,US029,Carleigh Fairchild,2.0,Saw,Saw
US,5.0,US029,Carleigh Fairchild,3.0,Sleeping bag,Sleeping bag
US,5.0,US029,Carleigh Fairchild,4.0,Pot,Pot
US,5.0,US029,Carleigh Fairchild,5.0,Ferro rod,Ferro rod
US,5.0,US029,Carleigh Fairchild,6.0,Canteen,Canteen
US,5.0,US029,Carleigh Fairchild,7.0,Fishing line and hooks,Fishing gear
US,5.0,US029,Carleigh Fairchild,8.0,Bow and arrows,Bow and arrows
US,5.0,US029,Carleigh Fairchild,9.0,Knife,Knife
US,5.0,US029,Carleigh Fairchild,10.0,Food ration,Rations
US,5.0,US027,Dave Nessia,1.0,Axe,Axe
US,5.0,US027,Dave Nessia,2.0,Sleeping bag,Sleeping bag
US,5.0,US027,Dave Nessia,3.0,Pot,Pot
US,5.0,US027,Dave Nessia,4.0,Ferro rod,Ferro rod
US,5.0,US027,Dave Nessia,5.0,Fishing line and hooks,Fishing gear
US,5.0,US027,Dave Nessia,6.0,bow and arrows,Bow and arrows
US,5.0,US027,Dave Nessia,7.0,Gill net,Gillnet
US,5.0,US027,Dave Nessia,8.0,Trapping wire,Trapping wire
US,5.0,US027,Dave Nessia,9.0,Knife,Knife
US,5.0,US027,Dave Nessia,10.0,Food ration,Rations
US,5.0,US023,Britt Ahart,1.0,Knife,Knife
US,5.0,US023,Britt Ahart,2.0,Multitool,Multitool
US,5.0,US023,Britt Ahart,3.0,Paracord,Paracord
US,5.0,US023,Britt Ahart,4.0,Fishing line and hooks,Fishing gear
US,5.0,US023,Britt Ahart,5.0,Pot,Pot
US,5.0,US023,Britt Ahart,6.0,Ferro rod,Ferro rod
US,5.0,US023,Britt Ahart,7.0,Sleeping Bag,Sleeping bag
US,5.0,US023,Britt Ahart,8.0,Bow and arrows,Bow and arrows
US,5.0,US023,Britt Ahart,9.0,Folding saw,Saw
US,5.0,US023,Britt Ahart,10.0,Trapping wire,Trapping wire
US,5.0,US040,Brooke Whipple,1.0,Axe,Axe
US,5.0,US040,Brooke Whipple,2.0,Saw,Saw
US,5.0,US040,Brooke Whipple,3.0,Sleeping bag,Sleeping bag
US,5.0,US040,Brooke Whipple,4.0,Fishing line and hooks,Fishing gear
US,5.0,US040,Brooke Whipple,5.0,Ferro rod,Ferro rod
US,5.0,US040,Brooke Whipple,6.0,Multitool,Multitool
US,5.0,US040,Brooke Whipple,7.0,Pot,Pot
US,5.0,US040,Brooke Whipple,8.0,Bow and arrows,Bow and arrows
US,5.0,US040,Brooke Whipple,9.0,Food ration,Rations
US,5.0,US040,Brooke Whipple,10.0,Trapping wire,Trapping wire
US,5.0,US035,Jesse Bosdell,1.0,Sleeping bag,Sleeping bag
US,5.0,US035,Jesse Bosdell,2.0,Knife,Knife
US,5.0,US035,Jesse Bosdell,3.0,Ferro rod,Ferro rod
US,5.0,US035,Jesse Bosdell,4.0,Food ration,Rations
US,5.0,US035,Jesse Bosdell,5.0,Canteen,Canteen
US,5.0,US035,Jesse Bosdell,6.0,Pot,Pot
US,5.0,US035,Jesse Bosdell,7.0,Bow and arrows,Bow and arrows
US,5.0,US035,Jesse Bosdell,8.0,Fishing line and hooks,Fishing gear
US,5.0,US035,Jesse Bosdell,9.0,Saw,Saw
US,5.0,US035,Jesse Bosdell,10.0,Axe,Axe
US,5.0,US032,Brad Richardson,1.0,Axe,Axe
US,5.0,US032,Brad Richardson,2.0,Saw,Saw
US,5.0,US032,Brad Richardson,3.0,Knife,Knife
US,5.0,US032,Brad Richardson,4.0,Trapping wire,Trapping wire
US,5.0,US032,Brad Richardson,5.0,Fishing line and hooks,Fishing gear
US,5.0,US032,Brad Richardson,6.0,Bow and arrows,Bow and arrows
US,5.0,US032,Brad Richardson,7.0,Sleeping bag,Sleeping bag
US,5.0,US032,Brad Richardson,8.0,Ferro rod,Ferro rod
US,5.0,US032,Brad Richardson,9.0,Frying pan,Frying pan
US,5.0,US032,Brad Richardson,10.0,Food ration,Rations
US,6.0,US054,Jordan Jonas,1.0,Paracord,Paracord
US,6.0,US054,Jordan Jonas,2.0,Saw,Saw
US,6.0,US054,Jordan Jonas,3.0,Axe,Axe
US,6.0,US054,Jordan Jonas,4.0,Sleeping bag,Sleeping bag
US,6.0,US054,Jordan Jonas,5.0,Frying pan,Frying pan
US,6.0,US054,Jordan Jonas,6.0,Ferro rod,Ferro rod
US,6.0,US054,Jordan Jonas,7.0,Fishing line and hooks,Fishing gear
US,6.0,US054,Jordan Jonas,8.0,Bow and arrows,Bow and arrows
US,6.0,US054,Jordan Jonas,9.0,Trapping wire,Trapping wire
US,6.0,US054,Jordan Jonas,10.0,Multitool,Multitool
US,6.0,US053,Woniya Thibeault,1.0,Sleeping bag,Sleeping bag
US,6.0,US053,Woniya Thibeault,2.0,Pot,Pot
US,6.0,US053,Woniya Thibeault,3.0,Ferro rod,Ferro rod
US,6.0,US053,Woniya Thibeault,4.0,Knife,Knife
US,6.0,US053,Woniya Thibeault,5.0,Bow and arrows,Bow and arrows
US,6.0,US053,Woniya Thibeault,6.0,Saw,Saw
US,6.0,US053,Woniya Thibeault,7.0,Multitool,Multitool
US,6.0,US053,Woniya Thibeault,8.0,Fishing line and hooks,Fishing gear
US,6.0,US053,Woniya Thibeault,9.0,Paracord,Paracord
US,6.0,US053,Woniya Thibeault,10.0,Emergency ration,Rations
US,6.0,US052,Nathan Donnelly,1.0,Sleeping bag,Sleeping bag
US,6.0,US052,Nathan Donnelly,2.0,Pot,Pot
US,6.0,US052,Nathan Donnelly,3.0,Knife,Knife
US,6.0,US052,Nathan Donnelly,4.0,Fishing line and hooks,Fishing gear
US,6.0,US052,Nathan Donnelly,5.0,Pocket knife,Knife
US,6.0,US052,Nathan Donnelly,6.0,Gill Net,Gillnet
US,6.0,US052,Nathan Donnelly,7.0,Axe,Axe
US,6.0,US052,Nathan Donnelly,8.0,Emergency ration,Rations
US,6.0,US052,Nathan Donnelly,9.0,Paracord,Paracord
US,6.0,US052,Nathan Donnelly,10.0,Bow and arrows,Bow and arrows
US,6.0,US051,Barry Karcher,1.0,Sleeping bag,Sleeping bag
US,6.0,US051,Barry Karcher,2.0,Ferro rod,Ferro rod
US,6.0,US051,Barry Karcher,3.0,Knife,Knife
US,6.0,US051,Barry Karcher,4.0,Saw,Saw
US,6.0,US051,Barry Karcher,5.0,Pot,Pot
US,6.0,US051,Barry Karcher,6.0,Paracord,Paracord
US,6.0,US051,Barry Karcher,7.0,Trapping wire,Trapping wire
US,6.0,US051,Barry Karcher,8.0,Tarp,Tarp
US,6.0,US051,Barry Karcher,9.0,Bow and arrows,Bow and arrows
US,6.0,US051,Barry Karcher,10.0,Fishing line and hooks,Fishing gear
US,6.0,US050,Nikki van Schyndel,1.0,Knife,Knife
US,6.0,US050,Nikki van Schyndel,2.0,Pot,Pot
US,6.0,US050,Nikki van Schyndel,3.0,Axe,Axe
US,6.0,US050,Nikki van Schyndel,4.0,Sleeping bag,Sleeping bag
US,6.0,US050,Nikki van Schyndel,5.0,Saw,Saw
US,6.0,US050,Nikki van Schyndel,6.0,Paracord,Paracord
US,6.0,US050,Nikki van Schyndel,7.0,Bow and arrows,Bow and arrows
US,6.0,US050,Nikki van Schyndel,8.0,Fishing line and hooks,Fishing gear
US,6.0,US050,Nikki van Schyndel,9.0,Ferro rod,Ferro rod
US,6.0,US050,Nikki van Schyndel,10.0,Trapping wire,Trapping wire
US,6.0,US049,Michelle Wohlberg,1.0,Axe,Axe
US,6.0,US049,Michelle Wohlberg,2.0,Multitool,Multitool
US,6.0,US049,Michelle Wohlberg,3.0,Folding saw,Saw
US,6.0,US049,Michelle Wohlberg,4.0,Sleeping bag,Sleeping bag
US,6.0,US049,Michelle Wohlberg,5.0,Pot,Pot
US,6.0,US049,Michelle Wohlberg,6.0,Fishing line and hooks,Fishing gear
US,6.0,US049,Michelle Wohlberg,7.0,Trapping wire,Trapping wire
US,6.0,US049,Michelle Wohlberg,8.0,Emergency ration,Rations
US,6.0,US049,Michelle Wohlberg,9.0,Ferro rod,Ferro rod
US,6.0,US049,Michelle Wohlberg,10.0,Paracord,Paracord
US,6.0,US048,Brady Nicholls,1.0,Ferro rod,Ferro rod
US,6.0,US048,Brady Nicholls,2.0,Saw,Saw
US,6.0,US048,Brady Nicholls,3.0,Multitool,Multitool
US,6.0,US048,Brady Nicholls,4.0,Axe,Axe
US,6.0,US048,Brady Nicholls,5.0,Pot,Pot
US,6.0,US048,Brady Nicholls,6.0,Sleeping bag,Sleeping bag
US,6.0,US048,Brady Nicholls,7.0,Trapping wire,Trapping wire
US,6.0,US048,Brady Nicholls,8.0,Fishing line and hooks,Fishing gear
US,6.0,US048,Brady Nicholls,9.0,Emergency ration,Rations
US,6.0,US048,Brady Nicholls,10.0,Emergency ration,Rations
US,6.0,US047,Ray Livingston,1.0,Multitool,Multitool
US,6.0,US047,Ray Livingston,2.0,Saw,Saw
US,6.0,US047,Ray Livingston,3.0,Axe,Axe
US,6.0,US047,Ray Livingston,4.0,Sleeping bag,Sleeping bag
US,6.0,US047,Ray Livingston,5.0,Pot,Pot
US,6.0,US047,Ray Livingston,6.0,Ferro rod,Ferro rod
US,6.0,US047,Ray Livingston,7.0,Fishing line and hooks,Fishing gear
US,6.0,US047,Ray Livingston,8.0,Bow and arrows,Bow and arrows
US,6.0,US047,Ray Livingston,9.0,Trapping wire,Trapping wire
US,6.0,US047,Ray Livingston,10.0,Knife,Knife
US,6.0,US046,Donny Dust,1.0,Sleeping bag,Sleeping bag
US,6.0,US046,Donny Dust,2.0,Bow and arrows,Bow and arrows
US,6.0,US046,Donny Dust,3.0,Paracord,Paracord
US,6.0,US046,Donny Dust,4.0,Saw,Saw
US,6.0,US046,Donny Dust,5.0,Pot,Pot
US,6.0,US046,Donny Dust,6.0,Emergency ration,Rations
US,6.0,US046,Donny Dust,7.0,Knife,Knife
US,6.0,US046,Donny Dust,8.0,Ferro rod,Ferro rod
US,6.0,US046,Donny Dust,9.0,Fishing line and hooks,Fishing gear
US,6.0,US046,Donny Dust,10.0,Axe,Axe
US,6.0,US045,Tim Backus,1.0,Bow and arrows,Bow and arrows
US,6.0,US045,Tim Backus,2.0,Sleeping bag,Sleeping bag
US,6.0,US045,Tim Backus,3.0,Axe,Axe
US,6.0,US045,Tim Backus,4.0,Knife,Knife
US,6.0,US045,Tim Backus,5.0,Fishing line and hooks,Fishing gear
US,6.0,US045,Tim Backus,6.0,Saw,Saw
US,6.0,US045,Tim Backus,7.0,Ferro rod,Ferro rod
US,6.0,US045,Tim Backus,8.0,Pot,Pot
US,6.0,US045,Tim Backus,9.0,Shovel,Shovel
US,6.0,US045,Tim Backus,10.0,Paracord,Paracord
US,7.0,US064,Roland Welker,1.0,Ferro rod,Ferro rod
US,7.0,US064,Roland Welker,2.0,Gill net,Gillnet
US,7.0,US064,Roland Welker,3.0,Pot,Pot
US,7.0,US064,Roland Welker,4.0,Trapping wire,Trapping wire
US,7.0,US064,Roland Welker,5.0,Axe,Axe
US,7.0,US064,Roland Welker,6.0,Saw,Saw
US,7.0,US064,Roland Welker,7.0,Multitool,Multitool
US,7.0,US064,Roland Welker,8.0,Belt knife,Knife
US,7.0,US064,Roland Welker,9.0,Bow and arrows,Bow and arrows
US,7.0,US064,Roland Welker,10.0,Sleeping bag,Sleeping bag
US,7.0,US063,Callie Russell,1.0,Axe,Axe
US,7.0,US063,Callie Russell,2.0,Saw,Saw
US,7.0,US063,Callie Russell,3.0,Knifes,Knife
US,7.0,US063,Callie Russell,4.0,Pot,Pot
US,7.0,US063,Callie Russell,5.0,Ferro rod,Ferro rod
US,7.0,US063,Callie Russell,6.0,Sleeping bag,Sleeping bag
US,7.0,US063,Callie Russell,7.0,Snare wire,Trapping wire
US,7.0,US063,Callie Russell,8.0,Fishing line and hooks,Fishing gear
US,7.0,US063,Callie Russell,9.0,Bow and arrows,Bow and arrows
US,7.0,US063,Callie Russell,10.0,Paracord,Paracord
US,7.0,US062,Kielyn Marrone,1.0,Snare wire,Trapping wire
US,7.0,US062,Kielyn Marrone,2.0,Fishing line and hooks,Fishing gear
US,7.0,US062,Kielyn Marrone,3.0,Gill net,Gillnet
US,7.0,US062,Kielyn Marrone,4.0,Axe,Axe
US,7.0,US062,Kielyn Marrone,5.0,Pot,Pot
US,7.0,US062,Kielyn Marrone,6.0,Sleeping bag,Sleeping bag
US,7.0,US062,Kielyn Marrone,7.0,Paracord,Paracord
US,7.0,US062,Kielyn Marrone,8.0,Ferro rod,Ferro rod
US,7.0,US062,Kielyn Marrone,9.0,Bow and arrows,Bow and arrows
US,7.0,US062,Kielyn Marrone,10.0,Multitool,Multitool
US,7.0,US061,Amos Rodriguez,1.0,Bow,Bow and arrows
US,7.0,US061,Amos Rodriguez,2.0,Gill net,Gillnet
US,7.0,US061,Amos Rodriguez,3.0,Fishing line and hooks,Fishing gear
US,7.0,US061,Amos Rodriguez,4.0,Multitool,Multitool
US,7.0,US061,Amos Rodriguez,5.0,Axe,Axe
US,7.0,US061,Amos Rodriguez,6.0,Emergency ration,Rations
US,7.0,US061,Amos Rodriguez,7.0,Ferro rod,Ferro rod
US,7.0,US061,Amos Rodriguez,8.0,Pot,Pot
US,7.0,US061,Amos Rodriguez,9.0,Paracord,Paracord
US,7.0,US061,Amos Rodriguez,10.0,Sleeping bag,Sleeping bag
US,7.0,US060,Mark D'Ambrosio,1.0,Pot,Pot
US,7.0,US060,Mark D'Ambrosio,2.0,Sleeping bag,Sleeping bag
US,7.0,US060,Mark D'Ambrosio,3.0,Ferro rod,Ferro rod
US,7.0,US060,Mark D'Ambrosio,4.0,Paracord,Paracord
US,7.0,US060,Mark D'Ambrosio,5.0,Multitool,Multitool
US,7.0,US060,Mark D'Ambrosio,6.0,Saw,Saw
US,7.0,US060,Mark D'Ambrosio,7.0,Axe,Axe
US,7.0,US060,Mark D'Ambrosio,8.0,Snare wire,Trapping wire
US,7.0,US060,Mark D'Ambrosio,9.0,Fishing line and hooks,Fishing gear
US,7.0,US060,Mark D'Ambrosio,10.0,Bow and arrows,Bow and arrows
US,7.0,US059,Joe Nicholas,1.0,Paracord,Paracord
US,7.0,US059,Joe Nicholas,2.0,Pot,Pot
US,7.0,US059,Joe Nicholas,3.0,Fishing line and hooks,Fishing gear
US,7.0,US059,Joe Nicholas,4.0,Snare wire,Trapping wire
US,7.0,US059,Joe Nicholas,5.0,Water bottle,Canteen
US,7.0,US059,Joe Nicholas,6.0,Sleeping bag,Sleeping bag
US,7.0,US059,Joe Nicholas,7.0,Saw,Saw
US,7.0,US059,Joe Nicholas,8.0,Axe,Axe
US,7.0,US059,Joe Nicholas,9.0,Knife,Knife
US,7.0,US059,Joe Nicholas,10.0,Ferro rod,Ferro rod
US,7.0,US058,Joel Van Der Loon,1.0,Saw,Saw
US,7.0,US058,Joel Van Der Loon,2.0,Bow and arrows,Bow and arrows
US,7.0,US058,Joel Van Der Loon,3.0,Fishing line and hooks,Fishing gear
US,7.0,US058,Joel Van Der Loon,4.0,Snare wire,Trapping wire
US,7.0,US058,Joel Van Der Loon,5.0,Axe,Axe
US,7.0,US058,Joel Van Der Loon,6.0,Multitool,Multitool
US,7.0,US058,Joel Van Der Loon,7.0,Ferro rod,Ferro rod
US,7.0,US058,Joel Van Der Loon,8.0,Pot,Pot
US,7.0,US058,Joel Van Der Loon,9.0,Sleeping bag,Sleeping bag
US,7.0,US058,Joel Van Der Loon,10.0,Gill net,Gillnet
US,7.0,US057,Keith Syers,1.0,Knife,Knife
US,7.0,US057,Keith Syers,2.0,Axe,Axe
US,7.0,US057,Keith Syers,3.0,Bow and arrows,Bow and arrows
US,7.0,US057,Keith Syers,4.0,Pot,Pot
US,7.0,US057,Keith Syers,5.0,Ferro rod,Ferro rod
US,7.0,US057,Keith Syers,6.0,Multitool,Multitool
US,7.0,US057,Keith Syers,7.0,Fishing line and hooks,Fishing gear
US,7.0,US057,Keith Syers,8.0,Sleeping bag,Sleeping bag
US,7.0,US057,Keith Syers,9.0,Paracord,Paracord
US,7.0,US057,Keith Syers,10.0,Trapping wire,Trapping wire
US,7.0,US056,Correy Hawk,1.0,Sleeping bag,Sleeping bag
US,7.0,US056,Correy Hawk,2.0,Pot,Pot
US,7.0,US056,Correy Hawk,3.0,Ferro rod,Ferro rod
US,7.0,US056,Correy Hawk,4.0,Fishing line and hooks,Fishing gear
US,7.0,US056,Correy Hawk,5.0,Bow and arrows,Bow and arrows
US,7.0,US056,Correy Hawk,6.0,Snare wire,Trapping wire
US,7.0,US056,Correy Hawk,7.0,Multitool,Multitool
US,7.0,US056,Correy Hawk,8.0,Paracord,Paracord
US,7.0,US056,Correy Hawk,9.0,Saw,Saw
US,7.0,US056,Correy Hawk,10.0,Axe,Axe
US,7.0,US055,Shawn Helton,1.0,Ferro rod,Ferro rod
US,7.0,US055,Shawn Helton,2.0,Sleeping bag,Sleeping bag
US,7.0,US055,Shawn Helton,3.0,Saw,Saw
US,7.0,US055,Shawn Helton,4.0,Axe,Axe
US,7.0,US055,Shawn Helton,5.0,Multi tool,Multitool
US,7.0,US055,Shawn Helton,6.0,Paracord,Paracord
US,7.0,US055,Shawn Helton,7.0,Fishing line and hooks,Fishing gear
US,7.0,US055,Shawn Helton,8.0,Cooking pot,Pot
US,7.0,US055,Shawn Helton,9.0,Scotch eyed auger,Scotch eyed auger
US,7.0,US055,Shawn Helton,10.0,Bow and arrows,Bow and arrows
US,8.0,US074,Clay Hayes,1.0,Sleeping bag,Sleeping bag
US,8.0,US074,Clay Hayes,2.0,Pot,Pot
US,8.0,US074,Clay Hayes,3.0,Axe,Axe
US,8.0,US074,Clay Hayes,4.0,Saw,Saw
US,8.0,US074,Clay Hayes,5.0,Multitool,Multitool
US,8.0,US074,Clay Hayes,6.0,Bow and arrows,Bow and arrows
US,8.0,US074,Clay Hayes,7.0,Paracord,Paracord
US,8.0,US074,Clay Hayes,8.0,Fishing line and hooks,Fishing gear
US,8.0,US074,Clay Hayes,9.0,Snare wire,Trapping wire
US,8.0,US074,Clay Hayes,10.0,Ferro rod,Ferro rod
US,8.0,US073,Biko Wright,1.0,Pot,Pot
US,8.0,US073,Biko Wright,2.0,Sleeping bag,Sleeping bag
US,8.0,US073,Biko Wright,3.0,Ferro rod,Ferro rod
US,8.0,US073,Biko Wright,4.0,Multitool,Multitool
US,8.0,US073,Biko Wright,5.0,Axe,Axe
US,8.0,US073,Biko Wright,6.0,Saw,Saw
US,8.0,US073,Biko Wright,7.0,Fishing line and hooks,Fishing gear
US,8.0,US073,Biko Wright,8.0,Trapping wire,Trapping wire
US,8.0,US073,Biko Wright,9.0,Paracord,Paracord
US,8.0,US073,Biko Wright,10.0,Bow and arrows,Bow and arrows
US,8.0,US072,Theresa Emmerich Kamper,1.0,Sleeping bag,Sleeping bag
US,8.0,US072,Theresa Emmerich Kamper,2.0,Pot,Pot
US,8.0,US072,Theresa Emmerich Kamper,3.0,Knife,Knife
US,8.0,US072,Theresa Emmerich Kamper,4.0,Saw,Saw
US,8.0,US072,Theresa Emmerich Kamper,5.0,Food ration,Rations
US,8.0,US072,Theresa Emmerich Kamper,6.0,Ferro rod,Ferro rod
US,8.0,US072,Theresa Emmerich Kamper,7.0,Snare wire,Trapping wire
US,8.0,US072,Theresa Emmerich Kamper,8.0,Fishing line and hooks,Fishing gear
US,8.0,US072,Theresa Emmerich Kamper,9.0,Bow and arrows,Bow and arrows
US,8.0,US072,Theresa Emmerich Kamper,10.0,Paracord,Paracord
US,8.0,US071,Colter Barnes,1.0,Sleeping bag,Sleeping bag
US,8.0,US071,Colter Barnes,2.0,Pot,Pot
US,8.0,US071,Colter Barnes,3.0,Axe,Axe
US,8.0,US071,Colter Barnes,4.0,Saw,Saw
US,8.0,US071,Colter Barnes,5.0,Tarp,Tarp
US,8.0,US071,Colter Barnes,6.0,Bow and arrows,Bow and arrows
US,8.0,US071,Colter Barnes,7.0,Snare wire,Trapping wire
US,8.0,US071,Colter Barnes,8.0,Fishing line and hooks,Fishing gear
US,8.0,US071,Colter Barnes,9.0,Multitool,Multitool
US,8.0,US071,Colter Barnes,10.0,Paracord,Paracord
US,8.0,US070,Rose Anna Moore,1.0,Bow and arrows,Bow and arrows
US,8.0,US070,Rose Anna Moore,2.0,Sleeping bag,Sleeping bag
US,8.0,US070,Rose Anna Moore,3.0,Multitool,Multitool
US,8.0,US070,Rose Anna Moore,4.0,Fishing line and hooks,Fishing gear
US,8.0,US070,Rose Anna Moore,5.0,Pot,Pot
US,8.0,US070,Rose Anna Moore,6.0,Snare wire,Trapping wire
US,8.0,US070,Rose Anna Moore,7.0,Paracord,Paracord
US,8.0,US070,Rose Anna Moore,8.0,Saw,Saw
US,8.0,US070,Rose Anna Moore,9.0,Axe,Axe
US,8.0,US070,Rose Anna Moore,10.0,Ferro rod,Ferro rod
US,8.0,US069,Nate Weber,1.0,Sleeping bag,Sleeping bag
US,8.0,US069,Nate Weber,2.0,Pot,Pot
US,8.0,US069,Nate Weber,3.0,Ferro rod,Ferro rod
US,8.0,US069,Nate Weber,4.0,Paracord,Paracord
US,8.0,US069,Nate Weber,5.0,Snare wire,Trapping wire
US,8.0,US069,Nate Weber,6.0,Bow and Arrows,Bow and arrows
US,8.0,US069,Nate Weber,7.0,Fishing line and hooks,Fishing gear
US,8.0,US069,Nate Weber,8.0,Axe,Axe
US,8.0,US069,Nate Weber,9.0,Saw,Saw
US,8.0,US069,Nate Weber,10.0,Multitool,Multitool
US,8.0,US068,Matt Corradino,1.0,Bow and arrows,Bow and arrows
US,8.0,US068,Matt Corradino,2.0,Fishing line and hooks,Fishing gear
US,8.0,US068,Matt Corradino,3.0,Knife,Knife
US,8.0,US068,Matt Corradino,4.0,Saw,Saw
US,8.0,US068,Matt Corradino,5.0,Sleeping bag,Sleeping bag
US,8.0,US068,Matt Corradino,6.0,Paracord,Paracord
US,8.0,US068,Matt Corradino,7.0,Pot,Pot
US,8.0,US068,Matt Corradino,8.0,Water bottle,Canteen
US,8.0,US068,Matt Corradino,9.0,Food ration,Rations
US,8.0,US068,Matt Corradino,10.0,Snare wire,Trapping wire
US,8.0,US067,Michelle Finn,1.0,Sleeping bag,Sleeping bag
US,8.0,US067,Michelle Finn,2.0,Pot,Pot
US,8.0,US067,Michelle Finn,3.0,Ferro rod,Ferro rod
US,8.0,US067,Michelle Finn,4.0,Multitool,Multitool
US,8.0,US067,Michelle Finn,5.0,Saw,Saw
US,8.0,US067,Michelle Finn,6.0,Axe,Axe
US,8.0,US067,Michelle Finn,7.0,Snare wire,Trapping wire
US,8.0,US067,Michelle Finn,8.0,Fishing line and hooks,Fishing gear
US,8.0,US067,Michelle Finn,9.0,Bow and Arrows,Bow and arrows
US,8.0,US067,Michelle Finn,10.0,Paracord,Paracord
US,8.0,US066,Jordon Bell,1.0,Sleeping bag,Sleeping bag
US,8.0,US066,Jordon Bell,2.0,Ferro rod,Ferro rod
US,8.0,US066,Jordon Bell,3.0,Pot,Pot
US,8.0,US066,Jordon Bell,4.0,Axe,Axe
US,8.0,US066,Jordon Bell,5.0,Saw,Saw
US,8.0,US066,Jordon Bell,6.0,Multitool,Multitool
US,8.0,US066,Jordon Bell,7.0,Snare wire,Trapping wire
US,8.0,US066,Jordon Bell,8.0,Fishing line and hooks,Fishing gear
US,8.0,US066,Jordon Bell,9.0,Bow and arrows,Bow and arrows
US,8.0,US066,Jordon Bell,10.0,Food ration,Rations
US,8.0,US065,Tim Madsen,1.0,Sleeping bag,Sleeping bag
US,8.0,US065,Tim Madsen,2.0,Pot,Pot
US,8.0,US065,Tim Madsen,3.0,Ferro rod,Ferro rod
US,8.0,US065,Tim Madsen,4.0,Bow and arrows,Bow and arrows
US,8.0,US065,Tim Madsen,5.0,Multitool,Multitool
US,8.0,US065,Tim Madsen,6.0,Saw,Saw
US,8.0,US065,Tim Madsen,7.0,Axe,Axe
US,8.0,US065,Tim Madsen,8.0,Fishing line and hooks,Fishing gear
US,8.0,US065,Tim Madsen,9.0,Paracord,Paracord
US,8.0,US065,Tim Madsen,10.0,Food ration,Rations
US,9.0,US084,Juan Pablo Quinonez,1.0,Ferro rod,Ferro rod
US,9.0,US084,Juan Pablo Quinonez,2.0,Paracord,Paracord
US,9.0,US084,Juan Pablo Quinonez,3.0,2-quart pot,Pot
US,9.0,US084,Juan Pablo Quinonez,4.0,Axe,Axe
US,9.0,US084,Juan Pablo Quinonez,5.0,Fishing line and hooks,Fishing gear
US,9.0,US084,Juan Pablo Quinonez,6.0,Saw,Saw
US,9.0,US084,Juan Pablo Quinonez,7.0,Bow and arrows,Bow and arrows
US,9.0,US084,Juan Pablo Quinonez,8.0,Sleeping bag,Sleeping bag
US,9.0,US084,Juan Pablo Quinonez,9.0,Trapping wire,Trapping wire
US,9.0,US084,Juan Pablo Quinonez,10.0,Multitool,Multitool
US,9.0,US083,Karie Lee Knoke,1.0,Paracord,Paracord
US,9.0,US083,Karie Lee Knoke,2.0,Sleeping bag,Sleeping bag
US,9.0,US083,Karie Lee Knoke,3.0,2-quart pot,Pot
US,9.0,US083,Karie Lee Knoke,4.0,Ferro rod,Ferro rod
US,9.0,US083,Karie Lee Knoke,5.0,Fishing line and hooks,Fishing gear
US,9.0,US083,Karie Lee Knoke,6.0,Bow and arrows,Bow and arrows
US,9.0,US083,Karie Lee Knoke,7.0,Trapping wire,Trapping wire
US,9.0,US083,Karie Lee Knoke,8.0,Multitool,Multitool
US,9.0,US083,Karie Lee Knoke,9.0,Axe,Axe
US,9.0,US083,Karie Lee Knoke,10.0,Emergency rations,Rations
US,9.0,US082,Teimojin Tan,1.0,Sleeping bag,Sleeping bag
US,9.0,US082,Teimojin Tan,2.0,Axe,Axe
US,9.0,US082,Teimojin Tan,3.0,Multitool,Multitool
US,9.0,US082,Teimojin Tan,4.0,Ferro rod,Ferro rod
US,9.0,US082,Teimojin Tan,5.0,2-quart pot,Pot
US,9.0,US082,Teimojin Tan,6.0,Bow and arrows,Bow and arrows
US,9.0,US082,Teimojin Tan,7.0,Paracord,Paracord
US,9.0,US082,Teimojin Tan,8.0,Trapping wire,Trapping wire
US,9.0,US082,Teimojin Tan,9.0,Fishing line and hooks,Fishing gear
US,9.0,US082,Teimojin Tan,10.0,Emergency rations,Rations
US,9.0,US081,Adam Riley,1.0,Sleeping bag,Sleeping bag
US,9.0,US081,Adam Riley,2.0,12×12 tarp,Tarp
US,9.0,US081,Adam Riley,3.0,Axe,Axe
US,9.0,US081,Adam Riley,4.0,Folding saw,Saw
US,9.0,US081,Adam Riley,5.0,Multitool,Multitool
US,9.0,US081,Adam Riley,6.0,Ferro rod,Ferro rod
US,9.0,US081,Adam Riley,7.0,Fishing line and hooks,Fishing gear
US,9.0,US081,Adam Riley,8.0,2-quart pot,Pot
US,9.0,US081,Adam Riley,9.0,Trapping wire,Trapping wire
US,9.0,US081,Adam Riley,10.0,Bow and arrows,Bow and arrows
US,9.0,US080,Jessie Krebs,1.0,Sleeping bag,Sleeping bag
US,9.0,US080,Jessie Krebs,2.0,Multitool,Multitool
US,9.0,US080,Jessie Krebs,3.0,Ferro rod,Ferro rod
US,9.0,US080,Jessie Krebs,4.0,Trapping wire,Trapping wire
US,9.0,US080,Jessie Krebs,5.0,Saw,Saw
US,9.0,US080,Jessie Krebs,6.0,Salt,Salt
US,9.0,US080,Jessie Krebs,7.0,2-quart pot,Pot
US,9.0,US080,Jessie Krebs,8.0,Machete,Knife
US,9.0,US080,Jessie Krebs,9.0,Paracord,Paracord
US,9.0,US080,Jessie Krebs,10.0,Bow and arrows,Bow and arrows
US,9.0,US079,Tom Garstang,1.0,Bow and arrows,Bow and arrows
US,9.0,US079,Tom Garstang,2.0,Axe,Axe
US,9.0,US079,Tom Garstang,3.0,Paracord,Paracord
US,9.0,US079,Tom Garstang,4.0,Ferro rod,Ferro rod
US,9.0,US079,Tom Garstang,5.0,Trapping wire,Trapping wire
US,9.0,US079,Tom Garstang,6.0,Fishing line and hooks,Fishing gear
US,9.0,US079,Tom Garstang,7.0,2-quart pot,Pot
US,9.0,US079,Tom Garstang,8.0,Multitool,Multitool
US,9.0,US079,Tom Garstang,9.0,Sleeping bag,Sleeping bag
US,9.0,US079,Tom Garstang,10.0,Folding Saw,Saw
US,9.0,US078,Terry Burns,1.0,Axe,Axe
US,9.0,US078,Terry Burns,2.0,Sleeping bag,Sleeping bag
US,9.0,US078,Terry Burns,3.0,Bow and arrows,Bow and arrows
US,9.0,US078,Terry Burns,4.0,Fishing line and hooks,Fishing gear
US,9.0,US078,Terry Burns,5.0,Ferro rod,Ferro rod
US,9.0,US078,Terry Burns,6.0,Paracord,Paracord
US,9.0,US078,Terry Burns,7.0,2-quart pot,Pot
US,9.0,US078,Terry Burns,8.0,Trapping wire,Trapping wire
US,9.0,US078,Terry Burns,9.0,Multitool,Multitool
US,9.0,US078,Terry Burns,10.0,Cross-cut Saw,Saw
US,9.0,US077,Benji Hill,1.0,Sleeping bag,Sleeping bag
US,9.0,US077,Benji Hill,2.0,Bow and arrows,Bow and arrows
US,9.0,US077,Benji Hill,3.0,Multitool,Multitool
US,9.0,US077,Benji Hill,4.0,Salt,Salt
US,9.0,US077,Benji Hill,5.0,2-quart pot,Pot
US,9.0,US077,Benji Hill,6.0,Ferro rod,Ferro rod
US,9.0,US077,Benji Hill,7.0,Axe,Axe
US,9.0,US077,Benji Hill,8.0,Paracord,Paracord
US,9.0,US077,Benji Hill,9.0,Trapping wire,Trapping wire
US,9.0,US077,Benji Hill,10.0,Fishing line and hooks,Fishing gear
US,9.0,US076,Igor Limansky,1.0,Sleeping bag,Sleeping bag
US,9.0,US076,Igor Limansky,2.0,Bow and arrows,Bow and arrows
US,9.0,US076,Igor Limansky,3.0,Multitool,Multitool
US,9.0,US076,Igor Limansky,4.0,2-quart pot,Pot
US,9.0,US076,Igor Limansky,5.0,Ferro rod,Ferro rod
US,9.0,US076,Igor Limansky,6.0,Trapping wire,Trapping wire
US,9.0,US076,Igor Limansky,7.0,Fishing line and hooks,Fishing gear
US,9.0,US076,Igor Limansky,8.0,Paracord,Paracord
US,9.0,US076,Igor Limansky,9.0,Folding saw,Saw
US,9.0,US076,Igor Limansky,10.0,Axe,Axe
US,9.0,US075,Jacques Turcotte,1.0,Sleeping bag,Sleeping bag
US,9.0,US075,Jacques Turcotte,2.0,Axe,Axe
US,9.0,US075,Jacques Turcotte,3.0,Knife,Knife
US,9.0,US075,Jacques Turcotte,4.0,Multitool,Multitool
US,9.0,US075,Jacques Turcotte,5.0,Ferro rod,Ferro rod
US,9.0,US075,Jacques Turcotte,6.0,Bow and arrows,Bow and arrows
US,9.0,US075,Jacques Turcotte,7.0,Trapping wire,Trapping wire
US,9.0,US075,Jacques Turcotte,8.0,Fishing line and hooks,Fishing gear
US,9.0,US075,Jacques Turcotte,9.0,2-quart pot,Pot
US,9.0,US075,Jacques Turcotte,10.0,Emergency rations,Rations
US,10.0,US075,,1.0,Cooking Pot,Pot
US,10.0,US075,,2.0,Multitool,Multitool
US,10.0,US075,,3.0,Axe,Axe
US,10.0,US075,,4.0,Saw,Saw
US,10.0,US075,,5.0,Ferro rod,Ferro rod
US,10.0,US075,,6.0,Sleeping Bag,Sleeping bag
US,10.0,US075,,7.0,Snare Wire,Trapping wire
US,10.0,US075,,8.0,Paracord,Paracord
US,10.0,US075,,9.0,Fishing Line and Hooks,Fishing gear
US,10.0,US075,,10.0,Bow and Arrows,Bow and arrows
US,10.0,US076,,1.0,Knife,Knife
US,10.0,US076,,2.0,Bar of Soap,Bar of Soap
US,10.0,US076,,3.0,Multitool,Multitool
US,10.0,US076,,4.0,Shovel,Shovel
US,10.0,US076,,5.0,Fishing Line and Hooks,Fishing gear
US,10.0,US076,,6.0,Sleeping Bag,Sleeping bag
US,10.0,US076,,7.0,Bow and Arrows,Bow and arrows
US,10.0,US076,,8.0,Ferro rod,Ferro rod
US,10.0,US076,,9.0,Snare Wire,Trapping wire
US,10.0,US076,,10.0,Cooking Pot,Pot
US,10.0,US077,,1.0,Paracord,Paracord
US,10.0,US077,,2.0,Saw,Saw
US,10.0,US077,,3.0,Sleeping Bag,Sleeping bag
US,10.0,US077,,4.0,Cooking Pot,Pot
US,10.0,US077,,5.0,Ferro rod,Ferro rod
US,10.0,US077,,6.0,Fishing Line and Hooks,Fishing gear
US,10.0,US077,,7.0,Bow and Arrows,Bow and arrows
US,10.0,US077,,8.0,Snare Wire,Trapping wire
US,10.0,US077,,9.0,Multitool,Multitool
US,10.0,US077,,10.0,Axe,Axe
US,10.0,US078,,1.0,Axe,Axe
US,10.0,US078,,2.0,Sleeping bag,Sleeping bag
US,10.0,US078,,3.0,Saw,Saw
US,10.0,US078,,4.0,Ferro rod,Ferro rod
US,10.0,US078,,5.0,Multitool,Multitool
US,10.0,US078,,6.0,Fishing Line and Hooks,Fishing gear
US,10.0,US078,,7.0,Paracord,Paracord
US,10.0,US078,,8.0,Cooking Pot,Pot
US,10.0,US078,,9.0,Snare Wire,Trapping wire
US,10.0,US078,,10.0,Bow and Arrows,Bow and arrows
US,10.0,US079,,1.0,Block of Salt,Block of Salt
US,10.0,US079,,2.0,Shovel,Shovel
US,10.0,US079,,3.0,Sleeping Bag,Sleeping bag
US,10.0,US079,,4.0,Cooking Pot,Pot
US,10.0,US079,,5.0,Gill Net,Gill Net
US,10.0,US079,,6.0,Snare Wire,Trapping wire
US,10.0,US079,,7.0,Bow and Arrows,Bow and arrows
US,10.0,US079,,8.0,Multitool,Multitool
US,10.0,US079,,9.0,Saw,Saw
US,10.0,US079,,10.0,Fishing Line and Hooks,Fishing gear
US,10.0,US080,,1.0,Sleeping Bag,Sleeping bag
US,10.0,US080,,2.0,Tarp,Tarp
US,10.0,US080,,3.0,Ferro rod,Ferro rod
US,10.0,US080,,4.0,Cooking Pot,Pot
US,10.0,US080,,5.0,Axe,Axe
US,10.0,US080,,6.0,Multitool,Multitool
US,10.0,US080,,7.0,Fishing Line and Hooks,Fishing gear
US,10.0,US080,,8.0,Paracord,Paracord
US,10.0,US080,,9.0,Snare Wire,Trapping wire
US,10.0,US080,,10.0,Bow and Arrows,Bow and arrows
US,10.0,US081,,1.0,Bow and Arrows,Bow and arrows
US,10.0,US081,,2.0,Ferro rod,Ferro rod
US,10.0,US081,,3.0,Fishing Line and Hooks,Fishing gear
US,10.0,US081,,4.0,Cooking Pot,Pot
US,10.0,US081,,5.0,Paracord,Paracord
US,10.0,US081,,6.0,Multitool,Multitool
US,10.0,US081,,7.0,Snare Wire,Trapping wire
US,10.0,US081,,8.0,Saw,Saw
US,10.0,US081,,9.0,Axe,Axe
US,10.0,US081,,10.0,Sleeping Bag,Sleeping bag
US,10.0,US082,,1.0,Sleeping Bag,Sleeping bag
US,10.0,US082,,2.0,Ferro rod,Ferro rod
US,10.0,US082,,3.0,Saw,Saw
US,10.0,US082,,4.0,Snare Wire,Trapping wire
US,10.0,US082,,5.0,Paracord,Paracord
US,10.0,US082,,6.0,Multitool,Multitool
US,10.0,US082,,7.0,Axe,Axe
US,10.0,US082,,8.0,Cooking Pot,Pot
US,10.0,US082,,9.0,Fishing Line and Hooks,Fishing gear
US,10.0,US082,,10.0,Bow and Arrows,Bow and arrows
US,10.0,US083,,1.0,Bow and Arrows,Bow and arrows
US,10.0,US083,,2.0,Food ration,Rations
US,10.0,US083,,3.0,Snare Wire,Trapping wire
US,10.0,US083,,4.0,Fishing Line and Hooks,Fishing gear
US,10.0,US083,,5.0,Saw,Saw
US,10.0,US083,,6.0,Multitool,Multitool
US,10.0,US083,,7.0,Sleeping bag,Sleeping bag
US,10.0,US083,,8.0,Cooking Pot,Pot
US,10.0,US083,,9.0,Ferro rod,Ferro rod
US,10.0,US083,,10.0,Food ration,Rations
US,10.0,US084,,1.0,Axe,Axe
US,10.0,US084,,2.0,Multitool,Multitool
US,10.0,US084,,3.0,Saw,Saw
US,10.0,US084,,4.0,Ferro rod,Ferro rod
US,10.0,US084,,5.0,Fishing Line and Hooks,Fishing gear
US,10.0,US084,,6.0,Bow and Arrows,Bow and arrows
US,10.0,US084,,7.0,Sleeping Bag,Sleeping bag
US,10.0,US084,,8.0,Cooking Pot,Pot
US,10.0,US084,,9.0,Paracord,Paracord
US,10.0,US084,,10.0,Snare Wire,Trapping wire
